{
	"textures": [
		{
			"image": "confetti",
			"format": "RGBA8888",
			"size": {
				"w": 848,
				"h": 51
			},
			"scale": 1,
			"frames": [
				{
					"filename": "1.png",
					"rotated": false,
					"trimmed": false,
					"sourceSize": {
						"w": 111,
						"h": 51
					},
					"spriteSourceSize": {
						"x": 0,
						"y": 0,
						"w": 111,
						"h": 51
					},
					"frame": {
						"x": 0,
						"y": 0,
						"w": 111,
						"h": 51
					}
				},
				{
					"filename": "2.png",
					"rotated": false,
					"trimmed": false,
					"sourceSize": {
						"w": 111,
						"h": 51
					},
					"spriteSourceSize": {
						"x": 0,
						"y": 0,
						"w": 111,
						"h": 51
					},
					"frame": {
						"x": 111,
						"y": 0,
						"w": 111,
						"h": 51
					}
				},
				{
					"filename": "6.png",
					"rotated": false,
					"trimmed": false,
					"sourceSize": {
						"w": 111,
						"h": 51
					},
					"spriteSourceSize": {
						"x": 0,
						"y": 0,
						"w": 111,
						"h": 51
					},
					"frame": {
						"x": 222,
						"y": 0,
						"w": 111,
						"h": 51
					}
				},
				{
					"filename": "7.png",
					"rotated": false,
					"trimmed": false,
					"sourceSize": {
						"w": 111,
						"h": 51
					},
					"spriteSourceSize": {
						"x": 0,
						"y": 0,
						"w": 111,
						"h": 51
					},
					"frame": {
						"x": 333,
						"y": 0,
						"w": 111,
						"h": 51
					}
				},
				{
					"filename": "8.png",
					"rotated": false,
					"trimmed": false,
					"sourceSize": {
						"w": 111,
						"h": 51
					},
					"spriteSourceSize": {
						"x": 0,
						"y": 0,
						"w": 111,
						"h": 51
					},
					"frame": {
						"x": 444,
						"y": 0,
						"w": 111,
						"h": 51
					}
				},
				{
					"filename": "9.png",
					"rotated": false,
					"trimmed": false,
					"sourceSize": {
						"w": 111,
						"h": 51
					},
					"spriteSourceSize": {
						"x": 0,
						"y": 0,
						"w": 111,
						"h": 51
					},
					"frame": {
						"x": 555,
						"y": 0,
						"w": 111,
						"h": 51
					}
				},
				{
					"filename": "4.png",
					"rotated": true,
					"trimmed": true,
					"sourceSize": {
						"w": 63,
						"h": 77
					},
					"spriteSourceSize": {
						"x": 0,
						"y": 0,
						"w": 46,
						"h": 63
					},
					"frame": {
						"x": 666,
						"y": 0,
						"w": 46,
						"h": 63
					}
				},
				{
					"filename": "3.png",
					"rotated": true,
					"trimmed": true,
					"sourceSize": {
						"w": 63,
						"h": 77
					},
					"spriteSourceSize": {
						"x": 0,
						"y": 0,
						"w": 45,
						"h": 63
					},
					"frame": {
						"x": 729,
						"y": 0,
						"w": 45,
						"h": 63
					}
				},
				{
					"filename": "5.png",
					"rotated": false,
					"trimmed": true,
					"sourceSize": {
						"w": 65,
						"h": 62
					},
					"spriteSourceSize": {
						"x": 0,
						"y": 0,
						"w": 56,
						"h": 44
					},
					"frame": {
						"x": 792,
						"y": 0,
						"w": 56,
						"h": 44
					}
				}
			]
		}
	],
	"meta": {
		"app": "http://free-tex-packer.com",
		"version": "0.6.7"
	}
}